total_inner_iterations,totim,kper,kstp,nouter,inner_iterations,solution_outer_dvmax,solution_outer_dvmax_model,solution_outer_dvmax_package,solution_outer_dvmax_node
42,86400.00000000000,1,1,1,42,-171.7214307476723,1,,108
81,86400.00000000000,1,1,2,39,-36.38209284065364,1,,115
85,86400.00000000000,1,1,3,4,-.8062765789339252,1,,111
86,86400.00000000000,1,1,4,1,-.5219232020721165E-03,1,,83
